<?xml version="1.0" encoding="utf-8"?><confignfe><nfemod>55</nfemod><nfeserie>001</nfeserie><nfenum>0</nfenum><nfeidlote>000000006</nfeidlote><nfenumctg>0</nfenumctg><nfeidtoken>000000</nfeidtoken><nfecodcsc></nfecodcsc><nfeultnsu>15</nfeultnsu><nfeversao>400</nfeversao><nfesenha>160119</nfesenha><nfewebservice><nfelink>svrs.rs.gov.br</nfelink><nferecepcao>/ws/NfeAutorizacao/NFeAutorizacao4.asmx</nferecepcao><nferetorno>/ws/NfeRetAutorizacao/NFeRetAutorizacao4.asmx</nferetorno><nfeinutiliz>/ws/nfeinutilizacao/nfeinutilizacao4.asmx</nfeinutiliz><nfeconsulta>/ws/NfeConsulta/NfeConsulta4.asmx</nfeconsulta><nfestatus>/ws/NfeStatusServico/NfeStatusServico4.asmx</nfestatus><nfeevento>/ws/recepcaoevento/recepcaoevento4.asmx</nfeevento></nfewebservice><nfeschema><nfeenvio>/var/www/melinux/nfe/schemas/pl_009a/nfe_v4.00.xsd</nfeenvio><nfecce>/var/www/melinux/nfe/schemas/pl_006s/CCe_v1.00.xsd</nfecce><nfecanc>/var/www/melinux/nfe/schemas/pl_006s/eventoCancNFe_v1.00.xsd</nfecanc><nfeinut>/var/www/melinux/nfe/schemas/pl_009a/inutNFe_v4.00.xsd</nfeinut></nfeschema><nfecfgimp><nfeimpr></nfeimpr><nfevias>0</nfevias><nfeimpcomp></nfeimpcomp></nfecfgimp><nfeemail><nfeassunto>Nota eletronica de OTMA SOLUCOES</nfeassunto><nfemensg>Seguem em anexo o XML e copia de sua nota:</nfemensg></nfeemail><nfeobs><nfeesppad>DIVERSAS</nfeesppad><nfemarpad>DIVERSAS</nfemarpad><nfeobspad>Confira no ato da entrega, evite reclamacoes posteriores</nfeobspad></nfeobs></confignfe>